Adapter 1,AACGTG
Adapter 2,CAGATC
Adapter 3,GTACGC
Adapter 4,TATCAG
Adapter 5,TCTTCA
Adapter 6,CTAAGG
Adapter 7,GAGTTA
Adapter 8,AAGGTA
Adapter 9,ACGCTC
Adapter 10,AGATCG
Adapter 11,ATCCTG
Adapter 12,GACTAG
Adapter 13,ATGCCT
Adapter 14,CATCAA
Adapter 15,AGTACA
Adapter 16,GAATCT
Adapter 17,GATAGA
Adapter 18,GCTCGG
Adapter 19,GTCTGT
Adapter 20,TCCGTC
Adapter 21,TGAAGA
Adapter 22,AACGCT
Adapter 23,ACGTAT
Adapter 24,AGTCAC
Microbial IDT (1-A01) (GACACAGT),GACACAGT
Microbial IDT (1-B01) (TTGCTTGG),TTGCTTGG
Microbial IDT (1-C01) (TATGGCAC),TATGGCAC
Microbial IDT (1-D01) (GGCGAATA),GGCGAATA
Microbial IDT (1-E01) (TCACCTAG),TCACCTAG
Microbial IDT (1-F01) (AACCGTGT),AACCGTGT
Microbial IDT (1-G01) (ATAGGTCC),ATAGGTCC
Microbial IDT (1-H01) (AGTATGCC),AGTATGCC
Microbial IDT (1-A02) (GCATAACG),GCATAACG
Microbial IDT (1-B02) (CCTGTCAA),CCTGTCAA
Microbial IDT (1-C02) (ATAACGCC),ATAACGCC
Microbial IDT (1-D02) (AAGTGCAG),AAGTGCAG
Microbial IDT (1-E02) (CAAGTCGT),CAAGTCGT
Microbial IDT (1-F02) (CGGTGGTA),CGGTGGTA
Microbial IDT (1-G02) (ACCGACAA),ACCGACAA
Microbial IDT (1-H02) (TACTGCTC),TACTGCTC
Microbial IDT (1-A03) (ACAGAGGT),ACAGAGGT
Microbial IDT (1-B03) (AGCCTATC),AGCCTATC
Microbial IDT (1-C03) (GTAGTACC),GTAGTACC
Microbial IDT (1-D03) (GCAATTCC),GCAATTCC
Microbial IDT (1-E03) (CTGTATGC),CTGTATGC
Microbial IDT (1-F03) (CTAGCAGT),CTAGCAGT
Microbial IDT (1-G03) (AACACTGG),AACACTGG
Microbial IDT (1-H03) (TGCTTGCT),TGCTTGCT
Microbial IDT (1-A04) (CCACTAAG),CCACTAAG
Microbial IDT (1-B04) (TGATCACG),TGATCACG
Microbial IDT (1-C04) (CGCGTATT),CGCGTATT
Microbial IDT (1-D04) (CTTCGCAA),CTTCGCAA
Microbial IDT (1-E04) (AGTTCGCA),AGTTCGCA
Microbial IDT (1-F04) (ACCTCTTC),ACCTCTTC
Microbial IDT (1-G04) (ACCATAGG),ACCATAGG
Microbial IDT (1-H04) (TCCACGTT),TCCACGTT
Microbial IDT (1-A05) (TGTTCCGT),TGTTCCGT
Microbial IDT (1-B05) (CCACATTG),CCACATTG
Microbial IDT (1-C05) (ATCCACGA),ATCCACGA
Microbial IDT (1-D05) (CATTGACG),CATTGACG
Microbial IDT (1-E05) (ATCGGAGA),ATCGGAGA
Microbial IDT (1-F05) (TACTAGCG),TACTAGCG
Microbial IDT (1-G05) (TCGATGAC),TCGATGAC
Microbial IDT (1-H05) (AACCAGAG),AACCAGAG
Microbial IDT (1-A06) (GATACCTG),GATACCTG
Microbial IDT (1-B06) (TCGAGAGT),TCGAGAGT
Microbial IDT (1-C06) (TAACGTCG),TAACGTCG
Microbial IDT (1-D06) (TCTGGACA),TCTGGACA
Microbial IDT (1-E06) (AAGTCCTC),AAGTCCTC
Microbial IDT (1-F06) (ACAACAGC),ACAACAGC
Microbial IDT (1-G06) (GACTTGTG),GACTTGTG
Microbial IDT (1-H06) (ACGAACGA),ACGAACGA
Microbial IDT (1-A07) (AGCCGTAA),AGCCGTAA
Microbial IDT (1-B07) (GGTCGTAT),GGTCGTAT
Microbial IDT (1-C07) (CCTTCCAT),CCTTCCAT
Microbial IDT (1-D07) (GCTACAAC),GCTACAAC
Microbial IDT (1-E07) (TGGATGGT),TGGATGGT
Microbial IDT (1-F07) (CGCAATGT),CGCAATGT
Microbial IDT (1-G07) (CCGTTATG),CCGTTATG
Microbial IDT (1-H07) (ATAGTCGG),ATAGTCGG
Microbial IDT (1-A08) (CTCCTGAA),CTCCTGAA
Microbial IDT (1-B08) (ACAGGCAT),ACAGGCAT
Microbial IDT (1-C08) (GATCAAGG),GATCAAGG
Microbial IDT (1-D08) (CCGATGTA),CCGATGTA
Microbial IDT (1-E08) (AGGTGTTG),AGGTGTTG
Microbial IDT (1-F08) (CAGTGCTT),CAGTGCTT
Microbial IDT (1-G08) (CAACGAGT),CAACGAGT
Microbial IDT (1-H08) (CCATGAAC),CCATGAAC
Microbial IDT (1-A09) (ACGAATCC),ACGAATCC
Microbial IDT (1-B09) (GTGATCCA),GTGATCCA
Microbial IDT (1-C09) (AAGCATCG),AAGCATCG
Microbial IDT (1-D09) (TAGGAGCT),TAGGAGCT
Microbial IDT (1-E09) (GACGAACT),GACGAACT
Microbial IDT (1-F09) (TCTAGGAG),TCTAGGAG
Microbial IDT (1-G09) (TTACCGAC),TTACCGAC
Microbial IDT (1-H09) (GAGCAATC),GAGCAATC
Microbial IDT (1-A10) (AATGGTCG),AATGGTCG
Microbial IDT (1-B10) (TTCGTACG),TTCGTACG
Microbial IDT (1-C10) (AGGATAGC),AGGATAGC
Microbial IDT (1-D10) (AACAAGGC),AACAAGGC
Microbial IDT (1-E10) (GTTCTTCG),GTTCTTCG
Microbial IDT (1-F10) (GATTGTCC),GATTGTCC
Microbial IDT (1-G10) (GAGAGTAC),GAGAGTAC
Microbial IDT (1-H10) (CAACTTGG),CAACTTGG
Microbial IDT (1-A11) (CGCTACAT),CGCTACAT
Microbial IDT (1-B11) (ATGACAGG),ATGACAGG
Microbial IDT (1-C11) (GGCTCAAT),GGCTCAAT
Microbial IDT (1-D11) (CTCGGTAA),CTCGGTAA
Microbial IDT (1-E11) (TTCGCCAT),TTCGCCAT
Microbial IDT (1-F11) (GGTACGAA),GGTACGAA
Microbial IDT (1-G11) (CTGTACCA),CTGTACCA
Microbial IDT (1-H11) (CCACAACA),CCACAACA
Microbial IDT (1-A12) (CCTAAGTC),CCTAAGTC
Microbial IDT (1-B12) (CGACCTAA),CGACCTAA
Microbial IDT (1-C12) (TTCACGGA),TTCACGGA
Microbial IDT (1-D12) (AGCTTCAG),AGCTTCAG
Microbial IDT (1-E12) (CAACTCCA),CAACTCCA
Microbial IDT (1-F12) (CTTCACTG),CTTCACTG
Microbial IDT (1-G12) (TGAGCTGT),TGAGCTGT
Microbial IDT (1-H12) (TGGTGAAG),TGGTGAAG
Microbial IDT (3-A01) (AGCGTGTT),AGCGTGTT
Microbial IDT (3-B01) (AGAAGCGT),AGAAGCGT
Microbial IDT (3-C01) (ACCACGAT),ACCACGAT
Microbial IDT (3-D01) (TTCCAAGG),TTCCAAGG
Microbial IDT (3-E01) (TGGTACAG),TGGTACAG
Microbial IDT (3-F01) (GTTAAGGC),GTTAAGGC
Microbial IDT (3-G01) (AACAGGAC),AACAGGAC
Microbial IDT (3-H01) (GCAATGGA),GCAATGGA
Microbial IDT (3-A02) (CACCTGTT),CACCTGTT
Microbial IDT (3-B02) (GTAGGAGT),GTAGGAGT
Microbial IDT (3-C02) (CTAGGCAT),CTAGGCAT
Microbial IDT (3-D02) (GCAATTCG),GCAATTCG
Microbial IDT (3-E02) (GCTGTAAG),GCTGTAAG
Microbial IDT (3-F02) (TCTAACGC),TCTAACGC
Microbial IDT (3-G02) (GATGAGAC),GATGAGAC
Microbial IDT (3-H02) (TACCAGGA),TACCAGGA
Microbial IDT (3-A03) (CGTAGGTT),CGTAGGTT
Microbial IDT (3-B03) (TTCGCAGT),TTCGCAGT
Microbial IDT (3-C03) (CGGCTAAT),CGGCTAAT
Microbial IDT (3-D03) (CTAACTCG),CTAACTCG
Microbial IDT (3-E03) (AACCGAAG),AACCGAAG
Microbial IDT (3-F03) (AACTGAGC),AACTGAGC
Microbial IDT (3-G03) (AAGGACAC),AAGGACAC
Microbial IDT (3-H03) (GAATCCGA),GAATCCGA
Microbial IDT (3-A04) (GGTGTCTT),GGTGTCTT
Microbial IDT (3-B04) (CTGGTTCT),CTGGTTCT
Microbial IDT (3-C04) (GCTTCTTG),GCTTCTTG
Microbial IDT (3-D04) (TATCAGCG),TATCAGCG
Microbial IDT (3-E04) (CTTCGTTC),CTTCGTTC
Microbial IDT (3-F04) (CATGTTCC),CATGTTCC
Microbial IDT (3-G04) (GCCATAAC),GCCATAAC
Microbial IDT (3-H04) (ACGACAGA),ACGACAGA
Microbial IDT (3-A05) (AGTCGCTT),AGTCGCTT
Microbial IDT (3-B05) (CCGTATCT),CCGTATCT
Microbial IDT (3-C05) (CCTGATTG),CCTGATTG
Microbial IDT (3-D05) (TAATGCCG),TAATGCCG
Microbial IDT (3-E05) (GGATCTTC),GGATCTTC
Microbial IDT (3-F05) (TGATGTCC),TGATGTCC
Microbial IDT (3-G05) (ATGCCAAC),ATGCCAAC
Microbial IDT (3-H05) (AACGGTCA),AACGGTCA
Microbial IDT (3-A06) (CAGCGATT),CAGCGATT
Microbial IDT (3-B06) (ATCTCGCT),ATCTCGCT
Microbial IDT (3-C06) (CGAGTATG),CGAGTATG
Microbial IDT (3-D06) (TCTTGACG),TCTTGACG
Microbial IDT (3-E06) (TATCGGTC),TATCGGTC
Microbial IDT (3-F06) (TCAGATCC),TCAGATCC
Microbial IDT (3-G06) (CGTGTGTA),CGTGTGTA
Microbial IDT (3-H06) (GTCTTGCA),GTCTTGCA
Microbial IDT (3-A07) (CCGGAATT),CCGGAATT
Microbial IDT (3-B07) (AACCTCCT),AACCTCCT
Microbial IDT (3-C07) (AGCAGATG),AGCAGATG
Microbial IDT (3-D07) (GGTCTTAG),GGTCTTAG
Microbial IDT (3-E07) (ACCTTCTC),ACCTTCTC
Microbial IDT (3-F07) (AGAATGCC),AGAATGCC
Microbial IDT (3-G07) (GCGTTCTA),GCGTTCTA
Microbial IDT (3-H07) (GTTACGCA),GTTACGCA
Microbial IDT (3-A08) (TGAGGTGT),TGAGGTGT
Microbial IDT (3-B08) (TCCTACCT),TCCTACCT
Microbial IDT (3-C08) (TTCGTTGG),TTCGTTGG
Microbial IDT (3-D08) (CAACCTAG),CAACCTAG
Microbial IDT (3-E08) (AATGCCTC),AATGCCTC
Microbial IDT (3-F08) (GAAGTACC),GAAGTACC
Microbial IDT (3-G08) (CTCAGCTA),CTCAGCTA
Microbial IDT (3-H08) (ATGGTCCA),ATGGTCCA
Microbial IDT (3-A09) (CGAACTGT),CGAACTGT
Microbial IDT (3-B09) (ACCTGACT),ACCTGACT
Microbial IDT (3-C09) (TCAACTGG),TCAACTGG
Microbial IDT (3-D09) (TTGGTGAG),TTGGTGAG
Microbial IDT (3-E09) (GTCTGATC),GTCTGATC
Microbial IDT (3-F09) (TGTACACC),TGTACACC
Microbial IDT (3-G09) (CGAGACTA),CGAGACTA
Microbial IDT (3-H09) (CACTGACA),CACTGACA
Microbial IDT (3-A10) (GACATGGT),GACATGGT
Microbial IDT (3-B10) (GATGCACT),GATGCACT
Microbial IDT (3-C10) (TATTCCGG),TATTCCGG
Microbial IDT (3-D10) (AAGTCGAG),AAGTCGAG
Microbial IDT (3-E10) (GTAGCATC),GTAGCATC
Microbial IDT (3-F10) (TCGGTTAC),TCGGTTAC
Microbial IDT (3-G10) (TCGCGATA),TCGCGATA
Microbial IDT (3-H10) (ACGCCTAA),ACGCCTAA
Microbial IDT (3-A11) (TAACCGGT),TAACCGGT
Microbial IDT (3-B11) (CTGCGTAT),CTGCGTAT
Microbial IDT (3-C11) (TAGGTAGG),TAGGTAGG
Microbial IDT (3-D11) (TCTGAGAG),TCTGAGAG
Microbial IDT (3-E11) (CTCATTGC),CTCATTGC
Microbial IDT (3-F11) (TGTGGTAC),TGTGGTAC
Microbial IDT (3-G11) (CATCGTGA),CATCGTGA
Microbial IDT (3-H11) (GCTTCGAA),GCTTCGAA
Microbial IDT (3-A12) (GTTCTCGT),GTTCTCGT
Microbial IDT (3-B12) (CAACGGAT),CAACGGAT
Microbial IDT (3-C12) (CCAATAGG),CCAATAGG
Microbial IDT (3-D12) (CTCATCAG),CTCATCAG
Microbial IDT (3-E12) (TAGGATGC),TAGGATGC
Microbial IDT (3-F12) (CGGAATAC),CGGAATAC
Microbial IDT (3-G12) (AAGGCTGA),AAGGCTGA
Microbial IDT (3-H12) (TCTCGCAA),TCTCGCAA
Microbial IDT (4-A01) (GAGCTCAA),GAGCTCAA
Microbial IDT (4-B01) (TCGAAGGT),TCGAAGGT
Microbial IDT (4-C01) (GAGACGAT),GAGACGAT
Microbial IDT (4-D01) (ACCTAAGG),ACCTAAGG
Microbial IDT (4-E01) (ATGACCAG),ATGACCAG
Microbial IDT (4-F01) (ACATAGGC),ACATAGGC
Microbial IDT (4-G01) (CTTAGGAC),CTTAGGAC
Microbial IDT (4-H01) (TTGCTGGA),TTGCTGGA
Microbial IDT (4-A02) (GTGGTGTT),GTGGTGTT
Microbial IDT (4-B02) (TACTGCGT),TACTGCGT
Microbial IDT (4-C02) (GCACTCAT),GCACTCAT
Microbial IDT (4-D02) (CGTATTCG),CGTATTCG
Microbial IDT (4-E02) (TACCACAG),TACCACAG
Microbial IDT (4-F02) (TGATACGC),TGATACGC
Microbial IDT (4-G02) (GTAACGAC),GTAACGAC
Microbial IDT (4-H02) (AGTCAGGA),AGTCAGGA
Microbial IDT (4-A03) (TCGCTGTT),TCGCTGTT
Microbial IDT (4-B03) (CGTTGAGT),CGTTGAGT
Microbial IDT (4-C03) (GTCCACAT),GTCCACAT
Microbial IDT (4-D03) (TTCTCTCG),TTCTCTCG
Microbial IDT (4-E03) (GAAGGAAG),GAAGGAAG
Microbial IDT (4-F03) (AGAGTAGC),AGAGTAGC
Microbial IDT (4-G03) (CATACCAC),CATACCAC
Microbial IDT (4-H03) (GATAGCGA),GATAGCGA
Microbial IDT (4-A04) (GTTCGGTT),GTTCGGTT
Microbial IDT (4-B04) (AGTGCAGT),AGTGCAGT
Microbial IDT (4-C04) (GTCAGTTG),GTCAGTTG
Microbial IDT (4-D04) (ATAAGGCG),ATAAGGCG
Microbial IDT (4-E04) (GAAGGTTC),GAAGGTTC
Microbial IDT (4-F04) (TGTGAAGC),TGTGAAGC
Microbial IDT (4-G04) (CGCTTAAC),CGCTTAAC
Microbial IDT (4-H04) (GGACTAGA),GGACTAGA
Microbial IDT (4-A05) (GGCAAGTT),GGCAAGTT
Microbial IDT (4-B05) (AGCCAAGT),AGCCAAGT
Microbial IDT (4-C05) (GGCTATTG),GGCTATTG
Microbial IDT (4-D05) (TTGATCCG),TTGATCCG
Microbial IDT (4-E05) (CAGTCTTC),CAGTCTTC
Microbial IDT (4-F05) (ATCTGTCC),ATCTGTCC
Microbial IDT (4-G05) (ACAGCAAC),ACAGCAAC
Microbial IDT (4-H05) (GGTTGTCA),GGTTGTCA
Microbial IDT (4-A06) (TCAGGCTT),TCAGGCTT
Microbial IDT (4-B06) (TGGACTCT),TGGACTCT
Microbial IDT (4-C06) (TCCGTATG),TCCGTATG
Microbial IDT (4-D06) (GAGATACG),GAGATACG
Microbial IDT (4-E06) (GAGATGTC),GAGATGTC
Microbial IDT (4-F06) (AAGACTCC),AAGACTCC
Microbial IDT (4-G06) (GCCACTTA),GCCACTTA
Microbial IDT (4-H06) (GCCTATCA),GCCTATCA
Microbial IDT (4-A07) (GCTGGATT),GCTGGATT
Microbial IDT (4-B07) (GTGTTCCT),GTGTTCCT
Microbial IDT (4-C07) (CTTGGATG),CTTGGATG
Microbial IDT (4-D07) (CAGGTTAG),CAGGTTAG
Microbial IDT (4-E07) (TCGTAGTC),TCGTAGTC
Microbial IDT (4-F07) (AACTTGCC),AACTTGCC
Microbial IDT (4-G07) (CTGGAGTA),CTGGAGTA
Microbial IDT (4-H07) (CTATCGCA),CTATCGCA
Microbial IDT (4-A08) (CACGTTGT),CACGTTGT
Microbial IDT (4-B08) (TTCAGCCT),TTCAGCCT
Microbial IDT (4-C08) (AGTGTTGG),AGTGTTGG
Microbial IDT (4-D08) (TGAGCTAG),TGAGCTAG
Microbial IDT (4-E08) (TAGAGCTC),TAGAGCTC
Microbial IDT (4-F08) (ACGTTACC),ACGTTACC
Microbial IDT (4-G08) (CATGGCTA),CATGGCTA
Microbial IDT (4-H08) (TGCTTCCA),TGCTTCCA
Microbial IDT (4-A09) (ATCGGTGT),ATCGGTGT
Microbial IDT (4-B09) (CGTGTACT),CGTGTACT
Microbial IDT (4-C09) (GATACTGG),GATACTGG
Microbial IDT (4-D09) (AGCTTGAG),AGCTTGAG
Microbial IDT (4-E09) (TGGCTATC),TGGCTATC
Microbial IDT (4-F09) (TCATCACC),TCATCACC
Microbial IDT (4-G09) (GCTGACTA),GCTGACTA
Microbial IDT (4-H09) (GTGTGACA),GTGTGACA
Microbial IDT (4-A10) (GTCACTGT),GTCACTGT
Microbial IDT (4-B10) (AGGTCACT),AGGTCACT
Microbial IDT (4-C10) (TTAAGCGG),TTAAGCGG
Microbial IDT (4-D10) (TGTTCGAG),TGTTCGAG
Microbial IDT (4-E10) (GCAAGATC),GCAAGATC
Microbial IDT (4-F10) (TACCAACC),TACCAACC
Microbial IDT (4-G10) (CCAGGATA),CCAGGATA
Microbial IDT (4-H10) (GCACGTAA),GCACGTAA
Microbial IDT (4-A11) (AGGATGGT),AGGATGGT
Microbial IDT (4-B11) (GCACAACT),GCACAACT
Microbial IDT (4-C11) (CTGTTAGG),CTGTTAGG
Microbial IDT (4-D11) (CGATAGAG),CGATAGAG
Microbial IDT (4-E11) (ATGGTTGC),ATGGTTGC
Microbial IDT (4-F11) (AGGTGTAC),AGGTGTAC
Microbial IDT (4-G11) (CGGATTGA),CGGATTGA
Microbial IDT (4-H11) (AGGAGGAA),AGGAGGAA
Microbial IDT (4-A12) (ATAGCGGT),ATAGCGGT
Microbial IDT (4-B12) (CGCATGAT),CGCATGAT
Microbial IDT (4-C12) (GGTATAGG),GGTATAGG
Microbial IDT (4-D12) (GTAGTCAG),GTAGTCAG
Microbial IDT (4-E12) (GACTATGC),GACTATGC
Microbial IDT (4-F12) (CTCGATAC),CTCGATAC
Microbial IDT (4-G12) (GTGTCTGA),GTGTCTGA
Microbial IDT (4-H12) (CGTTGCAA),CGTTGCAA
Microbial IDT (2-A01) (AACAACCG),AACAACCG
Microbial IDT (2-B01) (ACGGACTT),ACGGACTT
Microbial IDT (2-C01) (ATCTCCTG),ATCTCCTG
Microbial IDT (2-D01) (CGAACAAC),CGAACAAC
Microbial IDT (2-F01) (GCCTTCTT),GCCTTCTT
Microbial IDT (2-G01) (GTCCTTGA),GTCCTTGA
Microbial IDT (2-H01) (TCCGATCA),TCCGATCA
Microbial IDT (2-A02) (AACAGTCC),AACAGTCC
Microbial IDT (2-B02) (ACTCGATC),ACTCGATC
Microbial IDT (2-C02) (ATGCGCTT),ATGCGCTT
Microbial IDT (2-D02) (CGACACTT),CGACACTT
Microbial IDT (2-F02) (GCTAAGGA),GCTAAGGA
Microbial IDT (2-G02) (GTCTGAGT),GTCTGAGT
Microbial IDT (2-H02) (TCGAACCT),TCGAACCT
Microbial IDT (2-A03) (AACGCACA),AACGCACA
Microbial IDT (2-B03) (ACTGCTTG),ACTGCTTG
Microbial IDT (2-C03) (ATTCCGCT),ATTCCGCT
Microbial IDT (2-D03) (CGATCGAT),CGATCGAT
Microbial IDT (2-E03) (CTTGCTAG),CTTGCTAG
Microbial IDT (2-F03) (GCTGAATC),GCTGAATC
Microbial IDT (2-G03) (GTGTGTTC),GTGTGTTC
Microbial IDT (2-H03) (TCGTCTGA),TCGTCTGA
Microbial IDT (2-A04) (AAGACCGT),AAGACCGT
Microbial IDT (2-B04) (AGAAGCCT),AGAAGCCT
Microbial IDT (2-C04) (CAAGCCAA),CAAGCCAA
Microbial IDT (2-D04) (CGGAGTAT),CGGAGTAT
Microbial IDT (2-E04) (GAACGGTT),GAACGGTT
Microbial IDT (2-F04) (GGAAGAGA),GGAAGAGA
Microbial IDT (2-G04) (GTTCCATG),GTTCCATG
Microbial IDT (2-H04) (TCTTACGG),TCTTACGG
Microbial IDT (2-A05) (AAGCGTTC),AAGCGTTC
Microbial IDT (2-B05) (AGATCGTC),AGATCGTC
Microbial IDT (2-C05) (CAATGCGA),CAATGCGA
Microbial IDT (2-D05) (CGGTAATC),CGGTAATC
Microbial IDT (2-E05) (GAAGTGCT),GAAGTGCT
Microbial IDT (2-F05) (GGACTACT),GGACTACT
Microbial IDT (2-G05) (TAAGCGCA),TAAGCGCA
Microbial IDT (2-H05) (TGAGACGA),TGAGACGA
Microbial IDT (2-A06) (AATGACGC),AATGACGC
Microbial IDT (2-B06) (AGCGTGTA),AGCGTGTA
Microbial IDT (2-C06) (CATCAACC),CATCAACC
Microbial IDT (2-D06) (CGTCCATT),CGTCCATT
Microbial IDT (2-E06) (GACGTCAT),GACGTCAT
Microbial IDT (2-F06) (GGATGTAG),GGATGTAG
Microbial IDT (2-G06) (TACAGAGC),TACAGAGC
Microbial IDT (2-H06) (TGCACTTG),TGCACTTG
Microbial IDT (2-A07) (ACAAGACG),ACAAGACG
Microbial IDT (2-B07) (AGGCAATG),AGGCAATG
Microbial IDT (2-C07) (CATGAGCA),CATGAGCA
Microbial IDT (2-D07) (CTACAAGG),CTACAAGG
Microbial IDT (2-E07) (GAGACCAA),GAGACCAA
Microbial IDT (2-G07) (TAGCAGGA),TAGCAGGA
Microbial IDT (2-H07) (TGCTCTAC),TGCTCTAC
Microbial IDT (2-A08) (ACACGAGA),ACACGAGA
Microbial IDT (2-B08) (AGGTTCCT),AGGTTCCT
Microbial IDT (2-C08) (CCAACTTC),CCAACTTC
Microbial IDT (2-D08) (CTATCCAC),CTATCCAC
Microbial IDT (2-E08) (GAGTAGAG),GAGTAGAG
Microbial IDT (2-G08) (TAGCTTCC),TAGCTTCC
Microbial IDT (2-H08) (TGGCTACA),TGGCTACA
Microbial IDT (2-A09) (ACAGCAAG),ACAGCAAG
Microbial IDT (2-B09) (AGTCGAAG),AGTCGAAG
Microbial IDT (2-C09) (CCGAAGAT),CCGAAGAT
Microbial IDT (2-D09) (CTCAGAAG),CTCAGAAG
Microbial IDT (2-E09) (GATCCACT),GATCCACT
Microbial IDT (2-F09) (GGTTAGCT),GGTTAGCT
Microbial IDT (2-G09) (TAGTGCCA),TAGTGCCA
Microbial IDT (2-H09) (TGTCGACT),TGTCGACT
Microbial IDT (2-A10) (ACCGAATG),ACCGAATG
Microbial IDT (2-B10) (AGTGGCAA),AGTGGCAA
Microbial IDT (2-C10) (CCGTAACT),CCGTAACT
Microbial IDT (2-D10) (CTCGTTCT),CTCGTTCT
Microbial IDT (2-E10) (GATGGAGT),GATGGAGT
Microbial IDT (2-F10) (GTAAGCAC),GTAAGCAC
Microbial IDT (2-G10) (TATGACCG),TATGACCG
Microbial IDT (2-H10) (TTCCAGGT),TTCCAGGT
Microbial IDT (2-A11) (ACCTAGAC),ACCTAGAC
Microbial IDT (2-B11) (ATACTGGC),ATACTGGC
Microbial IDT (2-C11) (CCTAGAGA),CCTAGAGA
Microbial IDT (2-D11) (CTCTGGAT),CTCTGGAT
Microbial IDT (2-E11) (GCACACAA),GCACACAA
Microbial IDT (2-F11) (GTACGATC),GTACGATC
Microbial IDT (2-G11) (TCACTCGA),TCACTCGA
Microbial IDT (2-H11) (TTCGGCTA),TTCGGCTA
Microbial IDT (2-A12) (ACGATCAG),ACGATCAG
Microbial IDT (2-B12) (ATCCTTCC),ATCCTTCC
Microbial IDT (2-C12) (CCTCATCT),CCTCATCT
Microbial IDT (2-D12) (CTGCCATA),CTGCCATA
Microbial IDT (2-E12) (GCATTGGT),GCATTGGT
Microbial IDT (2-F12) (GTCAACAG),GTCAACAG
Microbial IDT (2-G12) (TCAGTAGG),TCAGTAGG
Microbial IDT (2-H12) (TTGGACTG),TTGGACTG
C07 - UDI0051,AACAGGTT-ATACCAAG
H06 - UDI0048,ACCTTGGC-GGCCTCAT
B07 - UDI0050,GCGCTCTA-GCTCCGAC
G06 - UDI0047,GTTCCAAT-AATTCTGC
E07 - UDI0053,CAACAATG-CTTCACGG
F07 - UDI0054,TGGTGGCA-TCCTGTAA
C06 - UDI0043,AAGATACT-ACTTACAT
F06 - UDI0046,GCAATGCA-GGAACGTT
A06 - UDI0041,ATATGGAT-CTGTATTA
G05 - UDI0039,TAAGTGGT-CTTAAGCC
F08 - UDI0062,TAAGGTCA-TGTCGTAG
B06 - UDI0042,GCGCAAGC-TCACGCCG
H07 - UDI0056,GAATGAGA-GAGGCATT
H10 - UDI0080,GTGAATAT-TCTCATTC
G07 - UDI0055,AGGCAGAG-AGAATGCC
G08 - UDI0063,TTGCCTAG-ACCACTTA
B05 - UDI0034,CGTTAGAA-TTCAGGTC
E04 - UDI0029,CCGTGAAG-CAGTGGAT
D05 - UDI0036,GATTCTGC-GACGAGAG
C05 - UDI0035,AGCCTCAT-AGTAGAGA
D04 - UDI0028,TCCAACGC-TTGGACTT
E08 - UDI0061,CGGAACTG-CACTACGA
D08 - UDI0060,AGCTCGCT-GCAGAATC
C10 - UDI0075,AGTACTCC-AACCTGTT
F05 - UDI0038,CTACGACA-GAGTCCAA
A10 - UDI0073,CAATTAAC-CGAGATAT
E06 - UDI0045,ATGGCATG-AAGGTACC
A11 - UDI0081,AACTGTAG-ACGCCGCA
D06 - UDI0044,GGAGCGTC-GTCCGTGC
B10 - UDI0074,TGGCCGGT-TAGAGCGC
E05 - UDI0037,TCGTAGTG-AGACTTGG
D07 - UDI0052,GGTGAACC-GCGTTGGA
A09 - UDI0065,ACACTAAG-ATCCATAT
C09 - UDI0067,TTCCTGTT-AGTATCTT
C12 - UDI0091,GTATGTTC-AACAGGAA
A03 - UDI0017,TAATACAG-ATATTCAC
E09 - UDI0069,GCCACAGG-CATGCCAT
G10 - UDI0079,ACAGGCGC-CTCTGCCT
B12 - UDI0090,CGCTATGT-TCCGACAC
F04 - UDI0030,TTACAGGA-TGACAAGC
B09 - UDI0066,GTGTCGGA-GCTTGCGC
D10 - UDI0076,GACGTCTT-GGTTCACC
E12 - UDI0093,TACTCATA-CCTGTGGC
F10 - UDI0078,CATAGAGT-TGCCACCA
B03 - UDI0018,CGGCGTGA-GCGCCTGT
D09 - UDI0068,CCTTCACC-GACGCTCC
C03 - UDI0019,ATGTAAGT-ACTCTATG
D12 - UDI0092,ACGCACCT-GGTGAAGG
E10 - UDI0077,TGCGAGAC-CATTGTTG
H02 - UDI0016,AATCCGGA-CTACAGTT
A05 - UDI0033,TACCGAGG-CCTGAACT
A07 - UDI0049,ATATCTCG-ATCTTAGT
H08 - UDI0064,CCATTCGA-GTTGTCCG
G02 - UDI0015,GGCTTAAG-TCGTGACC
F12 - UDI0094,CGTCTGCG-TTCACAAT
H12 - UDI0096,CTAGCGCT-GTGTAGAC
G04 - UDI0031,GGCATTCT-CTAGCTTG
H04 - UDI0032,AATGCCTC-TCGATCCA
G12 - UDI0095,TCGATATC-ACACGAGT
A01 - UDI0001,CCGCGGTT-AGCGCTAG
B01 - UDI0002,TTATAACC-GATATCGA
D01 - UDI0004,AAGTCCAA-TATGAGTA
E01 - UDI0005,ATCCACTG-AGGTGCGT
G01 - UDI0007,CAAGCTAG-ACATAGCG
A12 - UDI0089,TATCGCAC-CTTAGTGT
E02 - UDI0013,CCAAGTCT-AAGGATGA
F02 - UDI0014,TTGGACTC-GGAAGCAG
F01 - UDI0006,GCTTGTCA-GAACATAC
D03 - UDI0020,GCACGGAC-GTCTCGCA
D02 - UDI0012,CTCTCGTC-TATAACCT
B02 - UDI0010,GACCTGAA-TTGGTGAG
C02 - UDI0011,TCTCTACT-CGCGGTTC
C01 - UDI0003,GGACTTGG-CGCAGACG
E11 - UDI0085,AGGTTATA-CAGTTCCG
D11 - UDI0084,TCATCCTT-AGCGAGCT
G11 - UDI0087,CTCACCAA-CTAGGCAA
A02 - UDI0009,AGTTCAGG-CCAACAGA
H05 - UDI0040,CGGACAAC-TCCGGATT
B11 - UDI0082,GGTCACGA-GTATTATG
C08 - UDI0059,GATCTATC-ATGAGGCT
C11 - UDI0083,CTGCTTCC-GATAGATC
F11 - UDI0086,GAACCGCG-TGACCTTA
C04 - UDI0027,CTTGGTAT-CCAAGTCC
B04 - UDI0026,GTCGGAGC-GGTTATAA
E03 - UDI0021,GGTACCTT-AAGACGTC
F09 - UDI0070,ATTGTGAA-TGCATTGC
G09 - UDI0071,ACTCGTGT-ATTGGAAC
F03 - UDI0022,AACGTTCC-GGAGTACT
G03 - UDI0023,GCAGAATT-ACCGGCCA
H09 - UDI0072,GTCTACAC-GCCAAGGT
A04 - UDI0025,ACTAAGAT-AACCGCGG
H01 - UDI0008,TGGATCGA-GTGCGATA
B08 - UDI0058,CATAATAC-TTCTAACG
H11 - UDI0088,TCTGTTGG-TCGAATGG
H03 - UDI0024,ATGAGGCC-GTTAATTG
A08 - UDI0057,TGCGGCGT-CCTCGGTA
A01 - D701-D501 (ATTACTCG-TATAGCCT),ATTACTCG-TATAGCCT
B01 - D701-D502 (ATTACTCG-ATAGAGGC),ATTACTCG-ATAGAGGC
C01 - D701-D503 (ATTACTCG-CCTATCCT),ATTACTCG-CCTATCCT
D01 - D701-D504 (ATTACTCG-GGCTCTGA),ATTACTCG-GGCTCTGA
E01 - D701-D505 (ATTACTCG-AGGCGAAG),ATTACTCG-AGGCGAAG
F01 - D701-D506 (ATTACTCG-TAATCTTA),ATTACTCG-TAATCTTA
G01 - D701-D507 (ATTACTCG-CAGGACGT),ATTACTCG-CAGGACGT
H01 - D701-D508 (ATTACTCG-GTACTGAC),ATTACTCG-GTACTGAC
A02 - D702-D501 (TCCGGAGA-TATAGCCT),TCCGGAGA-TATAGCCT
B02 - D702-D502 (TCCGGAGA-ATAGAGGC),TCCGGAGA-ATAGAGGC
C02 - D702-D503 (TCCGGAGA-CCTATCCT),TCCGGAGA-CCTATCCT
D02 - D702-D504 (TCCGGAGA-GGCTCTGA),TCCGGAGA-GGCTCTGA
E02 - D702-D505 (TCCGGAGA-AGGCGAAG),TCCGGAGA-AGGCGAAG
F02 - D702-D506 (TCCGGAGA-TAATCTTA),TCCGGAGA-TAATCTTA
G02 - D702-D507 (TCCGGAGA-CAGGACGT),TCCGGAGA-CAGGACGT
H02 - D702-D508 (TCCGGAGA-GTACTGAC),TCCGGAGA-GTACTGAC
A03 - D703-D501 (CGCTCATT-TATAGCCT),CGCTCATT-TATAGCCT
B03 - D703-D502 (CGCTCATT-ATAGAGGC),CGCTCATT-ATAGAGGC
C03 - D703-D503 (CGCTCATT-CCTATCCT),CGCTCATT-CCTATCCT
D03 - D703-D504 (CGCTCATT-GGCTCTGA),CGCTCATT-GGCTCTGA
E03 - D703-D505 (CGCTCATT-AGGCGAAG),CGCTCATT-AGGCGAAG
F03 - D703-D506 (CGCTCATT-TAATCTTA),CGCTCATT-TAATCTTA
G03 - D703-D507 (CGCTCATT-CAGGACGT),CGCTCATT-CAGGACGT
H03 - D703-D508 (CGCTCATT-GTACTGAC),CGCTCATT-GTACTGAC
A04 - D704-D501 (GAGATTCC-TATAGCCT),GAGATTCC-TATAGCCT
B04 - D704-D502 (GAGATTCC-ATAGAGGC),GAGATTCC-ATAGAGGC
C04 - D704-D503 (GAGATTCC-CCTATCCT),GAGATTCC-CCTATCCT
D04 - D704-D504 (GAGATTCC-GGCTCTGA),GAGATTCC-GGCTCTGA
E04 - D704-D505 (GAGATTCC-AGGCGAAG),GAGATTCC-AGGCGAAG
F04 - D704-D506 (GAGATTCC-TAATCTTA),GAGATTCC-TAATCTTA
G04 - D704-D507 (GAGATTCC-CAGGACGT),GAGATTCC-CAGGACGT
H04 - D704-D508 (GAGATTCC-GTACTGAC),GAGATTCC-GTACTGAC
A05 - D705-D501 (ATTCAGAA-TATAGCCT),ATTCAGAA-TATAGCCT
B05 - D705-D502 (ATTCAGAA-ATAGAGGC),ATTCAGAA-ATAGAGGC
C05 - D705-D503 (ATTCAGAA-CCTATCCT),ATTCAGAA-CCTATCCT
D05 - D705-D504 (ATTCAGAA-GGCTCTGA),ATTCAGAA-GGCTCTGA
E05 - D705-D505 (ATTCAGAA-AGGCGAAG),ATTCAGAA-AGGCGAAG
F05 - D705-D506 (ATTCAGAA-TAATCTTA),ATTCAGAA-TAATCTTA
G05 - D705-D507 (ATTCAGAA-CAGGACGT),ATTCAGAA-CAGGACGT
H05 - D705-D508 (ATTCAGAA-GTACTGAC),ATTCAGAA-GTACTGAC
A06 - D706-D501 (GAATTCGT-TATAGCCT),GAATTCGT-TATAGCCT
B06 - D706-D502 (GAATTCGT-ATAGAGGC),GAATTCGT-ATAGAGGC
C06 - D706-D503 (GAATTCGT-CCTATCCT),GAATTCGT-CCTATCCT
D06 - D706-D504 (GAATTCGT-GGCTCTGA),GAATTCGT-GGCTCTGA
E06 - D706-D505 (GAATTCGT-AGGCGAAG),GAATTCGT-AGGCGAAG
F06 - D706-D506 (GAATTCGT-TAATCTTA),GAATTCGT-TAATCTTA
G06 - D706-D507 (GAATTCGT-CAGGACGT),GAATTCGT-CAGGACGT
H06 - D706-D508 (GAATTCGT-GTACTGAC),GAATTCGT-GTACTGAC
A07 - D707-D501 (CTGAAGCT-TATAGCCT),CTGAAGCT-TATAGCCT
B07 - D707-D502 (CTGAAGCT-ATAGAGGC),CTGAAGCT-ATAGAGGC
C07 - D707-D503 (CTGAAGCT-CCTATCCT),CTGAAGCT-CCTATCCT
D07 - D707-D504 (CTGAAGCT-GGCTCTGA),CTGAAGCT-GGCTCTGA
E07 - D707-D505 (CTGAAGCT-AGGCGAAG),CTGAAGCT-AGGCGAAG
F07 - D707-D506 (CTGAAGCT-TAATCTTA),CTGAAGCT-TAATCTTA
G07 - D707-D507 (CTGAAGCT-CAGGACGT),CTGAAGCT-CAGGACGT
H07 - D707-D508 (CTGAAGCT-GTACTGAC),CTGAAGCT-GTACTGAC
A08 - D708-D501 (TAATGCGC-TATAGCCT),TAATGCGC-TATAGCCT
B08 - D708-D502 (TAATGCGC-ATAGAGGC),TAATGCGC-ATAGAGGC
C08 - D708-D503 (TAATGCGC-CCTATCCT),TAATGCGC-CCTATCCT
D08 - D708-D504 (TAATGCGC-GGCTCTGA),TAATGCGC-GGCTCTGA
E08 - D708-D505 (TAATGCGC-AGGCGAAG),TAATGCGC-AGGCGAAG
F08 - D708-D506 (TAATGCGC-TAATCTTA),TAATGCGC-TAATCTTA
G08 - D708-D507 (TAATGCGC-CAGGACGT),TAATGCGC-CAGGACGT
H08 - D708-D508 (TAATGCGC-GTACTGAC),TAATGCGC-GTACTGAC
A09 - D709-D501 (CGGCTATG-TATAGCCT),CGGCTATG-TATAGCCT
B09 - D709-D502 (CGGCTATG-ATAGAGGC),CGGCTATG-ATAGAGGC
C09 - D709-D503 (CGGCTATG-CCTATCCT),CGGCTATG-CCTATCCT
D09 - D709-D504 (CGGCTATG-GGCTCTGA),CGGCTATG-GGCTCTGA
E09 - D709-D505 (CGGCTATG-AGGCGAAG),CGGCTATG-AGGCGAAG
F09 - D709-D506 (CGGCTATG-TAATCTTA),CGGCTATG-TAATCTTA
G09 - D709-D507 (CGGCTATG-CAGGACGT),CGGCTATG-CAGGACGT
H09 - D709-D508 (CGGCTATG-GTACTGAC),CGGCTATG-GTACTGAC
A10 - D710-D501 (TCCGCGAA-TATAGCCT),TCCGCGAA-TATAGCCT
B10 - D710-D502 (TCCGCGAA-ATAGAGGC),TCCGCGAA-ATAGAGGC
C10 - D710-D503 (TCCGCGAA-CCTATCCT),TCCGCGAA-CCTATCCT
D10 - D710-D504 (TCCGCGAA-GGCTCTGA),TCCGCGAA-GGCTCTGA
E10 - D710-D505 (TCCGCGAA-AGGCGAAG),TCCGCGAA-AGGCGAAG
F10 - D710-D506 (TCCGCGAA-TAATCTTA),TCCGCGAA-TAATCTTA
G10 - D710-D507 (TCCGCGAA-CAGGACGT),TCCGCGAA-CAGGACGT
H10 - D710-D508 (TCCGCGAA-GTACTGAC),TCCGCGAA-GTACTGAC
A11 - D711-D501 (TCTCGCGC-TATAGCCT),TCTCGCGC-TATAGCCT
B11 - D711-D502 (TCTCGCGC-ATAGAGGC),TCTCGCGC-ATAGAGGC
C11 - D711-D503 (TCTCGCGC-CCTATCCT),TCTCGCGC-CCTATCCT
D11 - D711-D504 (TCTCGCGC-GGCTCTGA),TCTCGCGC-GGCTCTGA
E11 - D711-D505 (TCTCGCGC-AGGCGAAG),TCTCGCGC-AGGCGAAG
F11 - D711-D506 (TCTCGCGC-TAATCTTA),TCTCGCGC-TAATCTTA
G11 - D711-D507 (TCTCGCGC-CAGGACGT),TCTCGCGC-CAGGACGT
H11 - D711-D508 (TCTCGCGC-GTACTGAC),TCTCGCGC-GTACTGAC
A12 - D712-D501 (AGCGATAG-TATAGCCT),AGCGATAG-TATAGCCT
B12 - D712-D502 (AGCGATAG-ATAGAGGC),AGCGATAG-ATAGAGGC
C12 - D712-D503 (AGCGATAG-CCTATCCT),AGCGATAG-CCTATCCT
D12 - D712-D504 (AGCGATAG-GGCTCTGA),AGCGATAG-GGCTCTGA
E12 - D712-D505 (AGCGATAG-AGGCGAAG),AGCGATAG-AGGCGAAG
F12 - D712-D506 (AGCGATAG-TAATCTTA),AGCGATAG-TAATCTTA
G12 - D712-D507 (AGCGATAG-CAGGACGT),AGCGATAG-CAGGACGT
H12 - D712-D508 (AGCGATAG-GTACTGAC),AGCGATAG-GTACTGAC
Duplex-primer (6-F1) (TTCCAAGG-CCTTGTAG),TTCCAAGG-CCTTGTAG
Duplex-primer (10-B2) (ATCGATCG-TGCTTCCA),ATCGATCG-TGCTTCCA
Duplex-primer (14-F2) (TGGACTCT-CCGTAAGA),TGGACTCT-CCGTAAGA
Duplex-primer (4-D1) (GAGACGAT-TAACCGGT),GAGACGAT-TAACCGGT
Duplex-primer (13-E2) (TACGCTAC-ATCACACG),TACGCTAC-ATCACACG
Duplex-primer (7-G1) (CGCATGAT-TCAGGCTT),CGCATGAT-TCAGGCTT
Duplex-primer (9-A2) (CGGCTAAT-AGAACGAG),CGGCTAAT-AGAACGAG
Duplex-primer (12-D2) (GCTATCCT-CACCTGTT),GCTATCCT-CACCTGTT
Duplex-primer (1-A1) (CTGATCGT-ATATGCGC),CTGATCGT-ATATGCGC
Duplex-primer (15-G2) (AGAGTAGC-TACGCCTT),AGAGTAGC-TACGCCTT
Duplex-primer (11-C2) (GCAAGATC-CTTCGACT),GCAAGATC-CTTCGACT
Duplex-primer (2-B1) (ACTCTCGA-TGGTACAG),ACTCTCGA-TGGTACAG
Duplex-primer (3-C1) (TGAGCTAG-AACCGTTC),TGAGCTAG-AACCGTTC
Duplex-primer (8-H1) (ACGGAACA-GTTCTCGT),ACGGAACA-GTTCTCGT
Duplex-primer (5-E1) (CTTGTCGA-GAACATCG),CTTGTCGA-GAACATCG
Duplex-primer (16-H2) (ATCCAGAG-CGACGTTA),ATCCAGAG-CGACGTTA
